AAIT,
ACHN,
ADXS,
AMCF,
BANFP,
BGMD,
BSPM,
CACH,
CALI,
CALL,
CCUR,
CDTI,
CERN,
CFNB,
DGLD,
DISCA,
DSLV,
DYSL,
EMITF,
EMMS,
ESCR,
FDIV,
FRED,
FRP,
FRPHV,
FSAM,
FSBK,
FSC,
FSCFL,
FSFR,
FSGI,
FSNN,
FSRV,
FSYS,
FTD,
FTLB,
FTR,
FUEL,
FULL,
FULLL,
FWM,
FXCB,
FXEN,
FXENP,
GAI,
GAINO,
GAINP,
GALE,
GALTU,
GALTW,
GARS,
GBIM,
GBNK,
GBSN,
GCVRZ,
GDEF,
GEVA,
GFED,
GFN,
GFNCP,
GFNSL,
GGAC,
GGACR,
GGACU,
GGACW,
GHDX,
GKNT,
GLADO,
GLDC,
GLRI,
GLUU,
GMAN,
GMCR,
GMLP,
GNBC,
GNCMA,
GNMK,
GNVC,
GOMO,
GOODP,
GPIC,
GRIF,
GSOL,
GSVC,
GTIV,
GTWN,
GTXI,
GUID,
GULF,
GWGH,
GWPH,
HABT,
HART,
HAWK,
HAWKB,
HBHC,
HBK,
HBMD,
HBNK,
HBOS,
HBP,
HCAC,
HCACU,
HCACW,
HCAP,
HCBK,
HCT,
HDNG,
HDP,
HDRA,
HDRAR,
HDRAU,
HDRAW,
HDS,
HEOP,
HFBC,
HFFC,
HGSH,
HIIQ,
HILL,
HKTV,
HLSS,
HMHC,
HMIN,
HMPR,
HMSY,
HNH,
HNSN,
HOTR,
HOTRW,
HPJ,
HPTX,
HSGX,
HSNI,
HSOL,
HTBX,
HTCH,
HTWO,
HTWR,
HWAY,
HWCC,
HYGS,
HYND,
IACI,
IBCA,
IBKC,
ICEL,
ICLD,
ICLDW,
ICON,
IDSA,
IDSY,
IDTI,
IFAS,
IFEU,
IFNA,
IFON,
IGTE,
IIJI,
IILG,
IIN,
IKAN,
IKGH,
IKNX,
IMDZ,
IMI,
IMMU,
IMMY,
IMNP,
IMRS,
INAP,
ININ,
INNL,
INPH,
INSY,
INTL,
INTLL,
INTX,
INVT,
INWK,
IPAS,
IPCC,
IPCI,
IPCM,
IPHS,
IPXL,
IQNT,
IRDMB,
IRDMZ,
IRG,
ISBC,
ISCA,
ISIL,
ISIS,
ISM,
ISNS,
ISRL,
ISSI,
IVAN,
IXYS,
JACQ,
JACQU,
JACQW,
JASN,
JASNW,
JASO,
JAXB,
JCOM,
JCS,
JDSU,
JGBB,
JIVE,
JMBA,
JOBS,
JOEZ,
JRJC,
JST,
JTPY,
JUNO,
JXSB,
KANG,
KBIO,
KBSF,
KCAP,
KERX,
KEYW,
KFX,
KIN,
KITE,
KLXI,
KONA,
KONE,
KOOL,
KRFT,
KTWO,
KUTV,
KYTH,
KZ,
LABC,
LABL,
LACO,
LALT,
LAWS,
LAYN,
LBIX,
LBRKR,
LDRH,
LDRI,
LEVY,
LEVYU,
LEVYW,
LGCY,
LGCYO,
LGCYP,
LIME,
LINE,
LIOX,
LIQD,
LLEX,
LLTC,
LMCA,
LMCB,
LMCK,
LMIA,
LMNS,
LMNX,
LMOS,
LMRK,
LNBB,
LNCE,
LNCO,
LOCM,
LOGM,
LOJN,
LONG,
LOOK,
LORL,
LOXO,
LPHI,
LPNT,
LPSB,
LPTN,
LRAD,
LTRE,
LTXB,
LVNTA,
LVNTB,
MAGS,
MAMS,
MATR,
MBFI,
MBFIP,
MBLX,
MBRG,
MBTF,
MBVT,
MCEP,
MCGC,
MCOX,
MCRL,
MCUR,
MDAS,
MDCA,
MDCO,
MDM,
MDSO,
MDSY,
MDVN,
MDVXU,
MEET,
MEIL,
MEILW,
MEILZ,
MELA,
MELR,
MEMP,
MENT,
MERU,
METR,
MFI,
MFNC,
MFRI,
MFRM,
MFSF,
MGCD,
MGLN,
MHGC,
MHLDO,
MICTW,
MIFI,
MIK,
MINI,
MITL,
MKTO,
MLHR,
MLNX,
MMAC,
MNDL,
MNGA,
MNRK,
MNTA,
MOBI,
MOBL,
MOCO,
MOKO,
MOLG,
MOSY,
MPEL,
MPET,
MRD,
MRKT,
MRLN,
MRVC,
MSBF,
MSCC,
MSFG,
MSG,
MSLI,
MSON,
MTGE,
MTGEP,
MTSC,
MTSL,
MTSN,
MULT,
MWIV,
MXIM,
MXWL,
MYL,
MYOS,
MZOR,
NAME,
NANO,
NATL,
NAUH,
NAVG,
NBBC,
NBS,
NBTF,
NCIT,
NDRM,
NEOT,
NETE,
NEWS,
NFEC,
NGHC,
NGHCP,
NHTB,
NLNK,
NMRX,
NPBC,
NPSP,
NRCIA,
NRCIB,
NRX,
NSPH,
NTK,
NTLS,
NTRI,
NTRSP,
NUAN,
NUTR,
NVDQ,
NVEEW,
NVGN,
NVSL,
NWBOW,
NXTD,
NXTDW,
NXTM,
NYMTP,
NYNY,
OBAS,
OCLR,
OCLS,
OCRX,
OGXI,
OHAI,
OHGI,
OHRP,
OKSB,
OLBK,
OMED,
ONFC,
ONNN,
ONTY,
ONVI,
OPB,
OPHT,
OPXA,
ORBC,
ORBK,
OREX,
ORIG,
ORIT,
ORPN,
OSBCP,
OSHC,
OSIR,
OSM,
OSN,
OTEL,
OTIV,
OUTR,
OVAS,
OVTI,
OXFD,
OXGN,
OXLCN,
OZRK,
PAGG,
PARN,
PATIV,
PBCP,
PBCT,
PBIB,
PBMD,
PBSK,
PCBK,
PCCC,
PCLN,
PCMI,
PCO,
PCYC,
PDII,
PDLI,
PEGI,
PEIX,
PENX,
PEOP,
PERF,
PERY,
PETM,
PETX,
PFBI,
PFBX,
PFPT,
PGNX,
PHII,
PHIIK,
PHMD,
PICO,
PIH,
PKT,
PLCM,
PLKI,
PLMT,
PLNR,
PLPM,
PMBC,
PMCS,
PMFG,
PNRA,
PNTR,
POPE,
POZN,
PPHM,
PPHMP,
PRAH,
PRAN,
PRCP,
PRGN,
PRGNL,
PRGX,
PRLS,
PRSC,
PRSS,
PRTO,
PRXI,
PRXL,
PSAU,
PSBH,
PSDV,
PSEM,
PSTB,
PSTR,
PSUN,
PTBI,
PTBIW,
PTIE,
PTLA,
PTNT,
PTRY,
PTX,
PULB,
PVTB,
PVTBP,
PWRD,
PWX,
QADA,
QADB,
QBAK,
QCCO,
QINC,
QIWI,
QKLS,
QLGC,
QLIK,
QLTI,
QLTY,
QQQC,
QSII,
QTNTW,
QTWW,
QUNR,
QVCA,
QVCB,
RAVN,
RBPAA,
RCPI,
RCPT,
RDEN,
RECN,
REDF,
REIS,
RELV,
REMY,
REPH,
RESN,
REXI,
REXX,
RGDO,
RGDX,
RGSE,
RIBTW,
RITT,
RITTW,
RIVR,
RJET,
RLJE,
RLOC,
RLOG,
RLYP,
RMGN,
RNET,
ROIA,
ROIAK,
ROIQ,
ROIQU,
ROIQW,
ROKA,
ROSG,
ROVI,
RP,
RPRXW,
RPRXZ,
RPTP,
RPXC,
RRD,
RRST,
RSTI,
RSYS,
RTGN,
RTIX,
RTK,
RTRX,
RVBD,
RVLT,
RXII,
SAAS,
SAEX,
SAJA,
SALE,
SANWZ,
SAPE,
SBBX,
SBCP,
SBLKL,
SBNYW,
SBRAP,
SBSA,
SCAI,
SCLN,
SCMP,
SCOK,
SCON,
SCSS,
SCTY,
SFLY,
SFXE,
SGBK,
SGI,
SGMS,
SGNL,
SGNT,
SGOC,
SGYP,
SGYPU,
SGYPW,
SHLD,
SHLDW,
SHLM,
SHLO,
SHOR,
SHOS,
SHPG,
SIAL,
SIBC,
SIGM,
SIMG,
SINA,
SINO,
SIRO,
SIVBO,
SIXD,
SKBI,
SKIS,
SKUL,
SKYS,
SLCT,
SLMAP,
SLTC,
SLXP,
SMAC,
SMACR,
SMACU,
SMT,
SMTP,
SMTX,
SNAK,
SNBC,
SNC,
SNDK,
SNHY,
SNMX,
SNSS,
SNTA,
SOCB,
SODA,
SOHOL,
SOHOM,
SONA,
SONC,
SONS,
SORL,
SPAN,
SPAR,
SPDC,
SPEX,
SPHS,
SPIL,
SPKE,
SPLS,
SPNC,
SPPR,
SPPRO,
SPPRP,
SPRT,
SPTN,
SPU,
SQBG,
SQBK,
SQI,
SQNM,
SRSC,
SSFN,
SSH,
SSRG,
SSRI,
STB,
STBZ,
STCK,
STFC,
STML,
STMP,
STNR,
STPP,
STRZA,
STRZB,
SUBK,
SUNS,
SUSQ,
SUTR,
SVA,
SVBI,
SWHC,
SWSH,
SYKE,
SYMC,
SYMX,
SYNC,
SYNT,
SYRX,
SYUT,
SZMK,
SZYM,
TAPR,
TASR,
TAX,
TAXI,
TBIO,
TCBIL,
TCBIP,
TCBIW,
TCRD,
